id,flair,title,selftext,text,link
1tszxyc,Discussion,Surely I'm not the only one,I'm just enjoying the show for now,"Surely I'm not the only one

I'm just enjoying the show for now",https://www.reddit.com/r/wallstreetbets/comments/1tszxyc/surely_im_not_the_only_one/
1tzp29r,Discussion,Elon Musk has spouted his fair share of bullshit—but his latest claims about the SpaceX IPO are on a whole new level.,,Elon Musk has spouted his fair share of bullshit—but his latest claims about the SpaceX IPO are on a whole new level.,https://www.reddit.com/r/wallstreetbets/comments/1tzp29r/elon_musk_has_spouted_his_fair_share_of/
1u3wcsq,Discussion,SPCX volatility: 0%. Stress level: 150%,,SPCX volatility: 0%. Stress level: 150%,https://www.reddit.com/r/wallstreetbets/comments/1u3wcsq/spcx_volatility_0_stress_level_150/
1u7wup4,Discussion,"A year ago, Michael Burry sold everything except Estee Lauder. He also bought puts on Nvidia.","May 19, 2025 …He had been quite bullish on China, owning large Chinese stocks like Alibaba, Baidu, JD.Com, and PDD Holdings. But after selling these stocks, he also purchased put options on these names. Put options are similar to call options but in the opposite direction, essentially betting that a stock price will decline. Burry also purchased put options on Nvidia… … Interestingly, Burry's lone remaining long position is the multinational cosmetics company Estée Lauder, which is down over 50% in the last year (as of May 16). Scion actually doubled its position in the company in the first quarter... Source: https://finance.yahoo.com/news/nearly-dumping-entire-portfolio-buying-220500241.html","A year ago, Michael Burry sold everything except Estee Lauder. He also bought puts on Nvidia.

May 19, 2025 …He had been quite bullish on China, owning large Chinese stocks like Alibaba, Baidu, JD.Com, and PDD Holdings. But after selling these stocks, he also purchased put options on these names. Put options are similar to call options but in the opposite direction, essentially betting that a stock price will decline. Burry also purchased put options on Nvidia… … Interestingly, Burry's lone remaining long position is the multinational cosmetics company Estée Lauder, which is down over 50% in the last year (as of May 16). Scion actually doubled its position in the company in the first quarter... Source: https://finance.yahoo.com/news/nearly-dumping-entire-portfolio-buying-220500241.html",https://www.reddit.com/r/wallstreetbets/comments/1u7wup4/a_year_ago_michael_burry_sold_everything_except/
1u5e1m6,Discussion,"Europe Is Too Scared to Grow, So Their Money Keeps Buying My SPY Calls","https://www.bbc.com/news/articles/cwy031el03po This is why the US economy wont be in recession any time soon- From the article: Americans are very solutions-oriented and much more comfortable with taking a short-term risk in service of a long-term advantage. Europe as a culture is risk-averse. The US is a land of very high inequality,"" she says. ""If you're struggling, you are really going to have a hard time because the labour market is not adding piles of new jobs, things are getting more expensive, many cities have housing crises."" Her deeper worry is that inequality hits a tipping point. ""Even then having the dollar and fairly stable banks won't help if you have a real jobs crisis in the real economy."" So far, there is little evidence of that. In fact, American employers added 172,000 jobs in May , smashing expectations. But new inflation data this week, showing consumer prices rising at their fastest pace in three years , suggests the limits of America's resilience may be approaching. Prices in May were 4.2% higher than a year earlier, up from 3.8% in April.","Europe Is Too Scared to Grow, So Their Money Keeps Buying My SPY Calls

https://www.bbc.com/news/articles/cwy031el03po This is why the US economy wont be in recession any time soon- From the article: Americans are very solutions-oriented and much more comfortable with taking a short-term risk in service of a long-term advantage. Europe as a culture is risk-averse. The US is a land of very high inequality,"" she says. ""If you're struggling, you are really going to have a hard time because the labour market is not adding piles of new jobs, things are getting more expensive, many cities have housing crises."" Her deeper worry is that inequality hits a tipping point. ""Even then having the dollar and fairly stable banks won't help if you have a real jobs crisis in the real economy."" So far, there is little evidence of that. In fact, American employers added 172,000 jobs in May , smashing expectations. But new inflation data this week, showing consumer prices rising at their fastest pace in three years , suggests the limits of America's resilience may be approaching. Prices in May were 4.2% higher than a year earlier, up from 3.8% in April.",https://www.reddit.com/r/wallstreetbets/comments/1u5e1m6/europe_is_too_scared_to_grow_so_their_money_keeps/
1ty16hy,Discussion,HOW TO NEVER LOSE MONEY (WSB HATES THIS ONE SIMPLE TRICK),"After years of intensive market research (blowing up $120K), I have finally discovered the secret. Ready? STOP PUTTING YOUR ENTIRE NET WORTH INTO A SINGLE WEEKLY OPTION. I know. I know. This is controversial. Some of you are currently reading this while holding 0DTE contracts that expire in 37 minutes and are already down 83%. ""But what if it goes up?"" Brother, what if it doesn't? Every day I see someone turn $20,000 into $117 and then write a 14-page thesis explaining why the market is manipulated. No, Chad. The market didn't manipulate you. You bought calls on a stock that had already gone up 400% because a guy named ""QuantumBanana420"" posted three rocket emojis and a GIF of a gorilla. Some groundbreaking financial concepts: - Rent money is not trading capital. - Margin is not free money. - A stop loss is cheaper than therapy. - If losing the trade would ruin your life, the position is too big. - If your DD starts with ""Imagine if..."" close the app immediately. You don't need a 10,000% gain. You need to stop chasing 10,000% gains after taking 95% losses. The market is basically a machine that transfers money from impatient degenerates to slightly less impatient degenerates. Anyway, none of this matters. See you all tomorrow when I convince myself this time is different and buy contracts with an expiration date measured in hours. Positions: Emotional damage.","HOW TO NEVER LOSE MONEY (WSB HATES THIS ONE SIMPLE TRICK)

After years of intensive market research (blowing up $120K), I have finally discovered the secret. Ready? STOP PUTTING YOUR ENTIRE NET WORTH INTO A SINGLE WEEKLY OPTION. I know. I know. This is controversial. Some of you are currently reading this while holding 0DTE contracts that expire in 37 minutes and are already down 83%. ""But what if it goes up?"" Brother, what if it doesn't? Every day I see someone turn $20,000 into $117 and then write a 14-page thesis explaining why the market is manipulated. No, Chad. The market didn't manipulate you. You bought calls on a stock that had already gone up 400% because a guy named ""QuantumBanana420"" posted three rocket emojis and a GIF of a gorilla. Some groundbreaking financial concepts: - Rent money is not trading capital. - Margin is not free money. - A stop loss is cheaper than therapy. - If losing the trade would ruin your life, the position is too big. - If your DD starts with ""Imagine if..."" close the app immediately. You don't need a 10,000% gain. You need to stop chasing 10,000% gains after taking 95% losses. The market is basically a machine that transfers money from impatient degenerates to slightly less impatient degenerates. Anyway, none of this matters. See you all tomorrow when I convince myself this time is different and buy contracts with an expiration date measured in hours. Positions: Emotional damage.",https://www.reddit.com/r/wallstreetbets/comments/1ty16hy/how_to_never_lose_money_wsb_hates_this_one_simple/
1u5200w,Discussion,Cathie Wood Buys 3.3 Million SpaceX Shares On IPO Day,"https://www.investors.com/news/cathie-wood-ark-invest-spacex-ipo-elon-musk-tesla/?mod=hp_minor_pos32 ARK Invest, the investment firm run by Cathie Wood, scooped up nearly 3.3 million shares of SpaceX ( SPCX ) on Friday, the day Elon Musk's company went public.","Cathie Wood Buys 3.3 Million SpaceX Shares On IPO Day

https://www.investors.com/news/cathie-wood-ark-invest-spacex-ipo-elon-musk-tesla/?mod=hp_minor_pos32 ARK Invest, the investment firm run by Cathie Wood, scooped up nearly 3.3 million shares of SpaceX ( SPCX ) on Friday, the day Elon Musk's company went public.",https://www.reddit.com/r/wallstreetbets/comments/1u5200w/cathie_wood_buys_33_million_spacex_shares_on_ipo/
1ucngu7,Discussion,SpaceX signs computing power deal with open-source AI startup Reflection worth up to $6.3 billion,"The Circle-Jerk continues. $2B funding from JPM and NVDA, to grow Open Source AI models (which they haven't apparently launched yet). Paying $150M/Month to SpaceX, but (not in headline) can cancel with 90 days notice, to access..... Nvdia Chips.... Doesn't seem to be helping SpaceX share price much. And if they succeed, they undermine Anthropic and OpenAI's sucess.","SpaceX signs computing power deal with open-source AI startup Reflection worth up to $6.3 billion

The Circle-Jerk continues. $2B funding from JPM and NVDA, to grow Open Source AI models (which they haven't apparently launched yet). Paying $150M/Month to SpaceX, but (not in headline) can cancel with 90 days notice, to access..... Nvdia Chips.... Doesn't seem to be helping SpaceX share price much. And if they succeed, they undermine Anthropic and OpenAI's sucess.",https://www.reddit.com/r/wallstreetbets/comments/1ucngu7/spacex_signs_computing_power_deal_with_opensource/
1ty9kq7,Discussion,WSB traders after a record rally,"Problematic gamblers have my commiserations, but do US traders 'enjoy' losing? Genuine question from a UK trader. I'm shocked how quickly the mood changes with US investors. Watched some Bloomberg/CNBC and the tone was dramatic and gloom. Like it triggered some fight or flight attitude. Asia+EU will crash on Monday also, but people will be ""oh, ok, yes that's troublesome"". Not freaking out or start talking more loudly. It's part of US trading culture to leverage more and take risk, but surely that makes you more stoic to mini crashes? Regards","WSB traders after a record rally

Problematic gamblers have my commiserations, but do US traders 'enjoy' losing? Genuine question from a UK trader. I'm shocked how quickly the mood changes with US investors. Watched some Bloomberg/CNBC and the tone was dramatic and gloom. Like it triggered some fight or flight attitude. Asia+EU will crash on Monday also, but people will be ""oh, ok, yes that's troublesome"". Not freaking out or start talking more loudly. It's part of US trading culture to leverage more and take risk, but surely that makes you more stoic to mini crashes? Regards",https://www.reddit.com/r/wallstreetbets/comments/1ty9kq7/wsb_traders_after_a_record_rally/
1ua6fqn,Discussion,How did WSB's stock picks of 2026 perform in Q2 - Mid year check in,"First of all, I know we still have over a week till end of Q2, but I'm bored that the stock market is closed today, so I'm posting this a week early. At the end of 2024, there was a thread here in which people picked their stocks to watch for 2025. At the end of 2025 , WSB's top 10 picks had an average return of 76% , which beat SPY which returned only 17% in 2025. So at the end of 2025, another thread was posted here in which people picked their stocks to watch for 2026. 10 stocks were picked based on how many times they were mentioned in that thread. This is how they have performed year to date: 1 ASTS: 8.15% 2 RKLB: 50.36% 3 GOOGL/GOOG: 15.62% 4 AMZN: 5.11% 5 NBIS: 228.22% 6 RDDT: -25.15% 7 MU: 290.28% 8 IREN: 53.88% 9 TSLA: -12.95% 10 PLTR: -29.05% So that is an average return of 58.45% , compared to SPY's YTD return of 8.93% With SPY curve this year looks so similar to last year (Jan/Feb peak then March/April bottom from Trump's dump and pump), and we are moving in the same direction as last year, my guess is: At the end of 2026 , WSB's top 10 picks will have an average return of about 76% , and SPY will has a YTD return of about 17% WSB has a better track record than hedge funds. If you are still not convinced that we are superior regards, you are missing out on the greatest and easiest generational wealth of your lifetime!","How did WSB's stock picks of 2026 perform in Q2 - Mid year check in

First of all, I know we still have over a week till end of Q2, but I'm bored that the stock market is closed today, so I'm posting this a week early. At the end of 2024, there was a thread here in which people picked their stocks to watch for 2025. At the end of 2025 , WSB's top 10 picks had an average return of 76% , which beat SPY which returned only 17% in 2025. So at the end of 2025, another thread was posted here in which people picked their stocks to watch for 2026. 10 stocks were picked based on how many times they were mentioned in that thread. This is how they have performed year to date: 1 ASTS: 8.15% 2 RKLB: 50.36% 3 GOOGL/GOOG: 15.62% 4 AMZN: 5.11% 5 NBIS: 228.22% 6 RDDT: -25.15% 7 MU: 290.28% 8 IREN: 53.88% 9 TSLA: -12.95% 10 PLTR: -29.05% So that is an average return of 58.45% , compared to SPY's YTD return of 8.93% With SPY curve this year looks so similar to last year (Jan/Feb peak then March/April bottom from Trump's dump and pump), and we are moving in the same direction as last year, my guess is: At the end of 2026 , WSB's top 10 picks will have an average return of about 76% , and SPY will has a YTD return of about 17% WSB has a better track record than hedge funds. If you are still not convinced that we are superior regards, you are missing out on the greatest and easiest generational wealth of your lifetime!",https://www.reddit.com/r/wallstreetbets/comments/1ua6fqn/how_did_wsbs_stock_picks_of_2026_perform_in_q2/
1u3oiny,Discussion,Spacex allocation,I expected a lot more wtf.,"Spacex allocation

I expected a lot more wtf.",https://www.reddit.com/r/wallstreetbets/comments/1u3oiny/spacex_allocation/
1tw24vf,Discussion,Have you ever bet against a place you work at because your coworkers suck?,I’m doing an onboarding about insider trading and one of the things was making trades when you know the stock price is going to drop because you work there. But have you ever shorted a company you worked at because you realized the people are idiots and the company was surely going to fail eventually?,"Have you ever bet against a place you work at because your coworkers suck?

I’m doing an onboarding about insider trading and one of the things was making trades when you know the stock price is going to drop because you work there. But have you ever shorted a company you worked at because you realized the people are idiots and the company was surely going to fail eventually?",https://www.reddit.com/r/wallstreetbets/comments/1tw24vf/have_you_ever_bet_against_a_place_you_work_at/
1tt1091,Discussion,"Remember when Zoom (ZM) IPO’d and the (ZOOM) ticker shot up 50,000% and then again at the start of Covid?",,"Remember when Zoom (ZM) IPO’d and the (ZOOM) ticker shot up 50,000% and then again at the start of Covid?",https://www.reddit.com/r/wallstreetbets/comments/1tt1091/remember_when_zoom_zm_ipod_and_the_zoom_ticker/
1ts3ub5,Discussion,Is this on anyone’s radar??? Oil about to moon???,"Genuinely not trying to make a bear market case or predict any type of collapse…. But I saw this the other day and just wanted to see what my fellow regards think. I haven’t really seen anyone else talking about this, and it doesn’t seem like markets are letting reality sink in currently. I have very little skin in the game, so I don’t care one way or the other. U.S. gas prices have stayed pretty stable over the last 4-5 weeks in large part due to promises of a quick end (16 announcements to date) and us ripping through our reserves at a record pace. We are 2-3ish weeks away from tapping out our reserves. Even if a deal is made with Iran, we are still weeks away from oil tankers getting to their destinations. If prices hit $140-150 a barrel soon, what type of correction is anyone anticipating and for how long??? Or is this all just a blip on the radar? If you need me I’ll be out back in my dumpster…..💎🤲🏼","Is this on anyone’s radar??? Oil about to moon???

Genuinely not trying to make a bear market case or predict any type of collapse…. But I saw this the other day and just wanted to see what my fellow regards think. I haven’t really seen anyone else talking about this, and it doesn’t seem like markets are letting reality sink in currently. I have very little skin in the game, so I don’t care one way or the other. U.S. gas prices have stayed pretty stable over the last 4-5 weeks in large part due to promises of a quick end (16 announcements to date) and us ripping through our reserves at a record pace. We are 2-3ish weeks away from tapping out our reserves. Even if a deal is made with Iran, we are still weeks away from oil tankers getting to their destinations. If prices hit $140-150 a barrel soon, what type of correction is anyone anticipating and for how long??? Or is this all just a blip on the radar? If you need me I’ll be out back in my dumpster…..💎🤲🏼",https://www.reddit.com/r/wallstreetbets/comments/1ts3ub5/is_this_on_anyones_radar_oil_about_to_moon/
1tyyxbo,Discussion,Reddit is being overlooked,"Looking for someone to help me understand why one of the important companies to the AI ecosystem is sitting at $30b market cap. Right now Reddit is capturing .01% of the CapX spending this year even though they are the #1 most cited source in responses and are sitting on 20 years of some of the best training data there is. 10% of Reddit's revenue ($100m) is coming from deals they have with companies to access their API for training purposes. The majority of this $100m is from deals they signed with OpenAI and Google in 2024. They are due to expire in 2026-27, and I'd have to think the price is going to shoot way up. Honestly the only counter argument I see here is that models only need to be trained on data once, but there is, i dont even know how many, new posts on reddit every single day and having the live connection will always be needed for these models to stay up to date, especially on current events and time sensitive information. There's nothing even close to the type of data collection Reddit is gathering. Sold some of my AMD position to buy RDDT shares this week and im having a hard time convincing myself to not go all in on RDDT. Help me see the light.","Reddit is being overlooked

Looking for someone to help me understand why one of the important companies to the AI ecosystem is sitting at $30b market cap. Right now Reddit is capturing .01% of the CapX spending this year even though they are the #1 most cited source in responses and are sitting on 20 years of some of the best training data there is. 10% of Reddit's revenue ($100m) is coming from deals they have with companies to access their API for training purposes. The majority of this $100m is from deals they signed with OpenAI and Google in 2024. They are due to expire in 2026-27, and I'd have to think the price is going to shoot way up. Honestly the only counter argument I see here is that models only need to be trained on data once, but there is, i dont even know how many, new posts on reddit every single day and having the live connection will always be needed for these models to stay up to date, especially on current events and time sensitive information. There's nothing even close to the type of data collection Reddit is gathering. Sold some of my AMD position to buy RDDT shares this week and im having a hard time convincing myself to not go all in on RDDT. Help me see the light.",https://www.reddit.com/r/wallstreetbets/comments/1tyyxbo/reddit_is_being_overlooked/
1tvoz9g,Discussion,"Goldman Sachs says Big Tech will spend $5.3T on AI from 2025 to 2030 as Meta, Microsoft, Amazon and Alphabet ramp infrastructure buildout","Discuss: When will $5.3T AI spending start making real profits? Which companies benefit most from it? Will all this spending hurt Big Tech margins and stock prices first? Source: https://finance.yahoo.com/sectors/technology/article/meta-microsoft-amazon-and-alphabet-are-about-to-spend-a-shocking-amount-of-money-to-dominate-the-ai-era-115359575.html The artificial intelligence spending for Big Tech has only just begun. The news: Goldman Sachs strategist Amanda Lynam has put some fresh numbers on hyperscaler capex spending on AI, and it’s eye-popping. Goldman now expects a combined $5.3 trillion of capex spending for the four largest hyperscalers — Meta (META), Microsoft (MSFT), Amazon (AMZN), and Alphabet (GOOGL) — from fiscal year 2025 to fiscal year 2030. Prior to the start of first quarter earnings, this figure stood at $4.5 trillion. The baseline aggregate capex estimate stands at $7.6 trillion between 2026 and 2031, across compute, data centers, and power. The analysis: Google, Amazon, Microsoft, and Meta alone collectively plan to allocate $725 billion to capital expenditures in 2026 — up a staggering 77% from last year’s already record-breaking $410 billion. Amazon is projecting $200 billion in capital expenditures, Alphabet is targeting $175 billion to $185 billion, Meta is guiding $115 billion to $135 billion, and Microsoft is tracking toward $190 billion for the calendar year.","Goldman Sachs says Big Tech will spend $5.3T on AI from 2025 to 2030 as Meta, Microsoft, Amazon and Alphabet ramp infrastructure buildout

Discuss: When will $5.3T AI spending start making real profits? Which companies benefit most from it? Will all this spending hurt Big Tech margins and stock prices first? Source: https://finance.yahoo.com/sectors/technology/article/meta-microsoft-amazon-and-alphabet-are-about-to-spend-a-shocking-amount-of-money-to-dominate-the-ai-era-115359575.html The artificial intelligence spending for Big Tech has only just begun. The news: Goldman Sachs strategist Amanda Lynam has put some fresh numbers on hyperscaler capex spending on AI, and it’s eye-popping. Goldman now expects a combined $5.3 trillion of capex spending for the four largest hyperscalers — Meta (META), Microsoft (MSFT), Amazon (AMZN), and Alphabet (GOOGL) — from fiscal year 2025 to fiscal year 2030. Prior to the start of first quarter earnings, this figure stood at $4.5 trillion. The baseline aggregate capex estimate stands at $7.6 trillion between 2026 and 2031, across compute, data centers, and power. The analysis: Google, Amazon, Microsoft, and Meta alone collectively plan to allocate $725 billion to capital expenditures in 2026 — up a staggering 77% from last year’s already record-breaking $410 billion. Amazon is projecting $200 billion in capital expenditures, Alphabet is targeting $175 billion to $185 billion, Meta is guiding $115 billion to $135 billion, and Microsoft is tracking toward $190 billion for the calendar year.",https://www.reddit.com/r/wallstreetbets/comments/1tvoz9g/goldman_sachs_says_big_tech_will_spend_53t_on_ai/
1u9qvku,Discussion,Satya and Zuckerberg are incinerating capital,"No one wants to say it proudly but $MSFT and $META are throwing billions of dollars at AI CAPEX with little to show for it. They turned what was originally a CAPEX light business with high software margins and lit it on fire. Copilot and even Meta AI are absolutely inferior to GPT/Claude by every conceivable metric. What are they even doing? AI is becoming a commodity now with so many good models in the market. There is no MOAT. More importantly, AI does not demonstrate ROI for most businesses and is a rather expensive technology financially and environmentally. OpenAI which is azures biggest customer is recently running at a loss LMAO and profitability is not clear 😂. Instead of burning precious shareholder FCF, Satya should focus on optimizing his own products that made MSFT great or at the very least slow down CAPEX. Azure as an AI play will compete with Amazon, Google Cloud and even other players like Nebius for consumers. New more expensive chips will come out every year increasing costs ($MU will go up forever). Depreciation is a thing. It will be race for lower margins. I get the fear…they are worried about missing out on a digital god and are willing to build and spend billions to have a stake. But at the moment, the progress is minimal after 4 years since the AI buildout started. Maybe it’s better for OpenAI and Anthropic to take the lead instead of burning precious capital with nothing to show for it. I am so confused with their AI strategy and Satya (and Zuckerberg) should be replaced. At the very least explain the ROI before incinerating shareholder cash. Please explain why I am wrong so I can cope. TLDR : Short Mag7 and long semis. Biggest transfer of wealth in history from $MSFT shareholders to $MU and $AMD shareholders! We are currently experiencing a prisoners dilemma where no Mag7 wants to be left behind and they choose to spend on CAPEX which is hurting all of them collectively. Instead they should cooperate rationally by cutting spending collectively. Otherwise, Multiple compression is here to stay bois","Satya and Zuckerberg are incinerating capital

No one wants to say it proudly but $MSFT and $META are throwing billions of dollars at AI CAPEX with little to show for it. They turned what was originally a CAPEX light business with high software margins and lit it on fire. Copilot and even Meta AI are absolutely inferior to GPT/Claude by every conceivable metric. What are they even doing? AI is becoming a commodity now with so many good models in the market. There is no MOAT. More importantly, AI does not demonstrate ROI for most businesses and is a rather expensive technology financially and environmentally. OpenAI which is azures biggest customer is recently running at a loss LMAO and profitability is not clear 😂. Instead of burning precious shareholder FCF, Satya should focus on optimizing his own products that made MSFT great or at the very least slow down CAPEX. Azure as an AI play will compete with Amazon, Google Cloud and even other players like Nebius for consumers. New more expensive chips will come out every year increasing costs ($MU will go up forever). Depreciation is a thing. It will be race for lower margins. I get the fear…they are worried about missing out on a digital god and are willing to build and spend billions to have a stake. But at the moment, the progress is minimal after 4 years since the AI buildout started. Maybe it’s better for OpenAI and Anthropic to take the lead instead of burning precious capital with nothing to show for it. I am so confused with their AI strategy and Satya (and Zuckerberg) should be replaced. At the very least explain the ROI before incinerating shareholder cash. Please explain why I am wrong so I can cope. TLDR : Short Mag7 and long semis. Biggest transfer of wealth in history from $MSFT shareholders to $MU and $AMD shareholders! We are currently experiencing a prisoners dilemma where no Mag7 wants to be left behind and they choose to spend on CAPEX which is hurting all of them collectively. Instead they should cooperate rationally by cutting spending collectively. Otherwise, Multiple compression is here to stay bois",https://www.reddit.com/r/wallstreetbets/comments/1u9qvku/satya_and_zuckerberg_are_incinerating_capital/
1u748av,Discussion,Shorting SpaceX Tomorrow: Blue Origin Blew Up Its Own Rocket To Pump SpaceX,"I’m shorting SpaceX tomorrow because everyone is looking at this backwards. My theory is simple: Blue Origin secretly has massive SpaceX exposure through funds, banks, private vehicles, billionaire nonsense, or some other rich-person plumbing that regular people are not allowed to understand. So Blue Origin sacrifices one rocket. The rocket blows up. Everyone says Blue Origin is dead. SpaceX pumps because it looks like the only serious launch company left. Blue Origin’s hidden SpaceX exposure goes vertical. They shorted their own reputation to go long SpaceX hype. I am shorting SpaceX because this is the most obvious “everyone piles into the winner after the loser explodes” trap I’ve ever seen. The Trade SpaceX does not need to fail. Blue Origin just needs to prove the gap is smaller than people think. If Blue Origin gets a working rocket, better launch cadence, or a real contract win, the story changes fast. SpaceX goes from “monopoly on the future” to “best company in a brutal, capital-heavy industry.” That is still good. It is just not worth the same multiple. Catalyst Blue Origin sells into the SpaceX pump. Then it uses that money to accelerate development. Then one day they hit a milestone and everyone suddenly remembers governments and corporations do not like depending on one launch provider forever. That is when the monopoly premium starts coming out of SpaceX. Why The Stock Drops SpaceX is priced like the future is already decided. If Blue Origin closes the tech gap, that premium gets cut. First you get sell pressure from Blue Origin cashing out. Then you get valuation pressure when the market realizes SpaceX is not the only game in town. That is how the pump becomes the top. Risks Blue Origin might actually just be bad at rockets. Also, I cannot prove any of this, because billionaire financial structures are basically dark matter with accountants. But the logic is there. Blues Origin blows up one rocket, pumps SpaceX, sells the hype, funds the comeback, closes the tech gap, and kills the monopoly narrative. Short SpaceX. Not financial advice. ***Updated with position*** SPCX $155 Put expiration date 8/21 Average cost $13, 10 contracts, $13,000 https://www.reddit.com/r/wallstreetbets/s/cJcteGpMv5 ***update June 22nd*** You’re all welcome","Shorting SpaceX Tomorrow: Blue Origin Blew Up Its Own Rocket To Pump SpaceX

I’m shorting SpaceX tomorrow because everyone is looking at this backwards. My theory is simple: Blue Origin secretly has massive SpaceX exposure through funds, banks, private vehicles, billionaire nonsense, or some other rich-person plumbing that regular people are not allowed to understand. So Blue Origin sacrifices one rocket. The rocket blows up. Everyone says Blue Origin is dead. SpaceX pumps because it looks like the only serious launch company left. Blue Origin’s hidden SpaceX exposure goes vertical. They shorted their own reputation to go long SpaceX hype. I am shorting SpaceX because this is the most obvious “everyone piles into the winner after the loser explodes” trap I’ve ever seen. The Trade SpaceX does not need to fail. Blue Origin just needs to prove the gap is smaller than people think. If Blue Origin gets a working rocket, better launch cadence, or a real contract win, the story changes fast. SpaceX goes from “monopoly on the future” to “best company in a brutal, capital-heavy industry.” That is still good. It is just not worth the same multiple. Catalyst Blue Origin sells into the SpaceX pump. Then it uses that money to accelerate development. Then one day they hit a milestone and everyone suddenly remembers governments and corporations do not like depending on one launch provider forever. That is when the monopoly premium starts coming out of SpaceX. Why The Stock Drops SpaceX is priced like the future is already decided. If Blue Origin closes the tech gap, that premium gets cut. First you get sell pressure from Blue Origin cashing out. Then you get valuation pressure when the market realizes SpaceX is not the only game in town. That is how the pump becomes the top. Risks Blue Origin might actually just be bad at rockets. Also, I cannot prove any of this, because billionaire financial structures are basically dark matter with accountants. But the logic is there. Blues Origin blows up one rocket, pumps SpaceX, sells the hype, funds the comeback, closes the tech gap, and kills the monopoly narrative. Short SpaceX. Not financial advice. ***Updated with position*** SPCX $155 Put expiration date 8/21 Average cost $13, 10 contracts, $13,000 https://www.reddit.com/r/wallstreetbets/s/cJcteGpMv5 ***update June 22nd*** You’re all welcome",https://www.reddit.com/r/wallstreetbets/comments/1u748av/shorting_spacex_tomorrow_blue_origin_blew_up_its/
1u41z42,Discussion,$SPCX vs $SPCE the degenerate thesis was hilariously wrong,"Remember when half this sub was convinced $SPCE would moon on $SPCX IPO day because “traders will see the ticker and buy the wrong stock”? The theory was: a.) $SPCX IPOs b.) Retail investors are low IQ and can’t read c.) They accidentally buy $SPCE d.) $SPCE goes to the moon alongside the real stock, $SPXC 🚀🌙 Actual results today: $ SPCX : +28% $ SPCE : -28% Not only did the market prove WSB wrong, it somehow inverse-WSB’s trade with mathematical precision. The people buying $SPCX apparently knew exactly what they were doing, while the people holding $SPCE got wrecked. I love r/wallstreetbets 🫡 Never change, degenerates.","$SPCX vs $SPCE the degenerate thesis was hilariously wrong

Remember when half this sub was convinced $SPCE would moon on $SPCX IPO day because “traders will see the ticker and buy the wrong stock”? The theory was: a.) $SPCX IPOs b.) Retail investors are low IQ and can’t read c.) They accidentally buy $SPCE d.) $SPCE goes to the moon alongside the real stock, $SPXC 🚀🌙 Actual results today: $ SPCX : +28% $ SPCE : -28% Not only did the market prove WSB wrong, it somehow inverse-WSB’s trade with mathematical precision. The people buying $SPCX apparently knew exactly what they were doing, while the people holding $SPCE got wrecked. I love r/wallstreetbets 🫡 Never change, degenerates.",https://www.reddit.com/r/wallstreetbets/comments/1u41z42/spcx_vs_spce_the_degenerate_thesis_was/
1u1n181,Discussion,Semiconductor shorts pile on as winning trade reverses - CNBC,"“Friday’s selloff was never going to be a one-hit wonder,” Don Kaufman, co-founder of TheoTrade, said by phone. “All these SMH put-buyers are going to force market-makers to short the stock or sell Nasdaq futures which creates a very similar feedback to loop to what was causing it to go higher, but the downside can be exacerbated when money managers or retail [traders] panic.” Are you still hold Calls on Semi's, or moving to PUTS/Stock now?","Semiconductor shorts pile on as winning trade reverses - CNBC

“Friday’s selloff was never going to be a one-hit wonder,” Don Kaufman, co-founder of TheoTrade, said by phone. “All these SMH put-buyers are going to force market-makers to short the stock or sell Nasdaq futures which creates a very similar feedback to loop to what was causing it to go higher, but the downside can be exacerbated when money managers or retail [traders] panic.” Are you still hold Calls on Semi's, or moving to PUTS/Stock now?",https://www.reddit.com/r/wallstreetbets/comments/1u1n181/semiconductor_shorts_pile_on_as_winning_trade/
1u5mzou,Discussion,Monday Bloodbath,"Dear Fellow Degenerates, I assume based on the news of a deal we all had the intention of placing 0dte calls. Now that this deal is up in the air, what will the market look like tomorrow? Calls? Puts? Stay liquid like a baby? Give me guidance fellow pieces of liquidity.","Monday Bloodbath

Dear Fellow Degenerates, I assume based on the news of a deal we all had the intention of placing 0dte calls. Now that this deal is up in the air, what will the market look like tomorrow? Calls? Puts? Stay liquid like a baby? Give me guidance fellow pieces of liquidity.",https://www.reddit.com/r/wallstreetbets/comments/1u5mzou/monday_bloodbath/
1ucybkr,Discussion,Guys am i fukd,"I fucking hate microsoft, every day is the same pain I need MSFT 411 by july earnings to break even There’s a path to recovery, even profit I added 5 more contracts at 9.25","Guys am i fukd

I fucking hate microsoft, every day is the same pain I need MSFT 411 by july earnings to break even There’s a path to recovery, even profit I added 5 more contracts at 9.25",https://www.reddit.com/r/wallstreetbets/comments/1ucybkr/guys_am_i_fukd/
1u7okd5,Discussion,Can a single listing like SPCX crash the market?,"To me, SPCX clearly is not rationally valued. If the market eventually corrects this and the stock crashes into single digits, or even lower, could that trigger a chain reaction in the broader market? In other words, I am wondering whether SPCX could become large enough to threaten the wider economy, possibly even globally, during a major sell-off.","Can a single listing like SPCX crash the market?

To me, SPCX clearly is not rationally valued. If the market eventually corrects this and the stock crashes into single digits, or even lower, could that trigger a chain reaction in the broader market? In other words, I am wondering whether SPCX could become large enough to threaten the wider economy, possibly even globally, during a major sell-off.",https://www.reddit.com/r/wallstreetbets/comments/1u7okd5/can_a_single_listing_like_spcx_crash_the_market/
